d,state,open
May 19,"Kano",728
May 19,"Lagos",824
May 19,"Kano",263
May 19,"Lagos",1
May 19,"Kano",263
May 19,"Lagos",1
May 19,"Kano",263
May 19,"Lagos",1
May 19,"Kano",263
May 19,"Lagos",1
May 19,"Kano",263
May 19,"Lagos",1
May 19,"Kano",263
May 19,"Lagos",1
May 19,"Kano",263
May 19,"Lagos",1
May 19,"Kano",263
May 19,"Lagos",1
May 19,"Kano",263
May 19,"Lagos",1
May 19,"Kano",263
May 19,"Lagos",1
May 19,"Kano",263
May 19,"Lagos",1
May 19,"Kano",263
May 19,"Lagos",1
May 19,"Kano",263
May 19,"Lagos",1
May 19,"Kano",263
May 19,"Lagos",1
May 19,"Kano",263
May 19,"Lagos",1
May 19,"Kano",263
May 19,"Lagos",1
May 19,"Kano",263
May 19,"Lagos",1
May 19,"Kano",263
May 19,"Lagos",1
May 19,"Kano",263
May 19,"Lagos",1
May 19,"Kano",263
May 19,"Lagos",1
May 19,"Kano",263
May 19,"Lagos",1
May 19,"Kano",263
May 19,"Lagos",1
May 19,"Kano",263
May 19,"Lagos",1
May 19,"Kano",263
May 19,"Lagos",1
May 19,"Kano",263
May 19,"Lagos",1
May 19,"Kano",263
May 19,"Lagos",1
May 19,"Kano",263
May 19,"Lagos",1
May 19,"Kano",263
May 19,"Lagos",1
May 19,"Kano",263
May 19,"Lagos",1
May 19,"Kano",263
May 19,"Lagos",1
Jun 19,"Kano",263
Jun 19,"Lagos",1
Jun 19,"Kano",263
Jun 19,"Lagos",1
Jun 19,"Kano",263
Jun 19,"Lagos",1
Jun 19,"Kano",263
Jun 19,"Lagos",1
Jun 19,"Kano",263
Jun 19,"Lagos",1
Jun 19,"Kano",263
Jun 19,"Lagos",1
Jun 19,"Kano",263
Jun 19,"Lagos",1
Jun 19,"Kano",263
Jun 19,"Lagos",1
Jun 19,"Kano",263
Jun 19,"Lagos",1
Jun 19,"Kano",263
Jun 19,"Lagos",1
Jun 19,"Kano",263
Jun 19,"Lagos",1
Jun 19,"Kano",263
Jun 19,"Lagos",1
Jun 19,"Kano",263
Jun 19,"Lagos",1
Jun 19,"Kano",263
Jun 19,"Lagos",1
Jun 19,"Kano",263
Jun 19,"Lagos",1
Jun 19,"Kano",263
Jun 19,"Lagos",1
Jun 19,"Kano",263
Jun 19,"Lagos",1
Jun 19,"Kano",263
Jun 19,"Lagos",1
Jun 19,"Kano",263
Jun 19,"Lagos",1
Jun 19,"Kano",263
Jun 19,"Lagos",1
Jun 19,"Kano",263
Jun 19,"Lagos",1
Jun 19,"Kano",263
Jun 19,"Lagos",1
Jun 19,"Kano",263
Jun 19,"Lagos",1
Jun 19,"Kano",263
Jun 19,"Lagos",1
Jun 19,"Kano",263
Jun 19,"Lagos",1
Jun 19,"Kano",263
Jun 19,"Lagos",1
Jun 19,"Kano",263
Jun 19,"Lagos",1
Jun 19,"Kano",263
Jun 19,"Lagos",1
Jun 19,"Kano",263
Jun 19,"Lagos",1
Jun 19,"Kano",263
Jun 19,"Lagos",1
Jul 19,"Kano",263
Jul 19,"Lagos",1
Jul 19,"Kano",263
Jul 19,"Lagos",1
Jul 19,"Kano",263
Jul 19,"Lagos",1
Jul 19,"Kano",263
Jul 19,"Lagos",1
Jul 19,"Kano",263
Jul 19,"Lagos",1
Jul 19,"Kano",263
Jul 19,"Lagos",1
Jul 19,"Kano",263
Jul 19,"Lagos",1
Jul 19,"Kano",263
Jul 19,"Lagos",1
Jul 19,"Kano",263
Jul 19,"Lagos",1
Jul 19,"Kano",263
Jul 19,"Lagos",1
Jul 19,"Kano",263
Jul 19,"Lagos",1
Jul 19,"Kano",263
Jul 19,"Lagos",1
Jul 19,"Kano",263
Jul 19,"Lagos",1
Jul 19,"Kano",263
Jul 19,"Lagos",1
Jul 19,"Kano",263
Jul 19,"Lagos",1
Jul 19,"Kano",263
Jul 19,"Lagos",1
Jul 19,"Kano",263
Jul 19,"Lagos",1
Jul 19,"Kano",263
Jul 19,"Lagos",1
Jul 19,"Kano",263
Jul 19,"Lagos",1
Jul 19,"Kano",263
Jul 19,"Lagos",1
Jul 19,"Kano",263
Jul 19,"Lagos",1
Jul 19,"Kano",263
Jul 19,"Lagos",1
Jul 19,"Kano",263
Jul 19,"Lagos",1
Jul 19,"Kano",263
Jul 19,"Lagos",1
Jul 19,"Kano",263
Jul 19,"Lagos",1
Jul 19,"Kano",263
Jul 19,"Lagos",1
Jul 19,"Kano",263
Jul 19,"Lagos",1
Jul 19,"Kano",263
Jul 19,"Lagos",1
Jul 19,"Kano",263
Jul 19,"Lagos",1
Jul 19,"Kano",263
Jul 19,"Lagos",1
Jul 19,"Kano",263
Jul 19,"Lagos",1
Aug 19,"Kano",263
Aug 19,"Lagos",1
Aug 19,"Kano",263
Aug 19,"Lagos",1
Aug 19,"Kano",263
Aug 19,"Lagos",1
Aug 19,"Kano",263
Aug 19,"Lagos",1
Aug 19,"Kano",263
Aug 19,"Lagos",1
Aug 19,"Kano",263
Aug 19,"Lagos",1
Aug 19,"Kano",263
Aug 19,"Lagos",1
Aug 19,"Kano",263
Aug 19,"Lagos",1
Aug 19,"Kano",263
Aug 19,"Lagos",1
Aug 19,"Kano",263
Aug 19,"Lagos",1
Aug 19,"Kano",263
Aug 19,"Lagos",1
Aug 19,"Kano",263
Aug 19,"Lagos",1
Aug 19,"Kano",263
Aug 19,"Lagos",1
Aug 19,"Kano",263
Aug 19,"Lagos",1
Aug 19,"Kano",263
Aug 19,"Lagos",1
Aug 19,"Kano",263
Aug 19,"Lagos",1
Aug 19,"Kano",263
Aug 19,"Lagos",1
Aug 19,"Kano",263
Aug 19,"Lagos",1
Aug 19,"Kano",263
Aug 19,"Lagos",1
Aug 19,"Kano",263
Aug 19,"Lagos",1
Aug 19,"Kano",263
Aug 19,"Lagos",1
Aug 19,"Kano",263
Aug 19,"Lagos",1
Aug 19,"Kano",263
Aug 19,"Lagos",1
Aug 19,"Kano",263
Aug 19,"Lagos",1
Aug 19,"Kano",263
Aug 19,"Lagos",1
Aug 19,"Kano",263
Aug 19,"Lagos",1
Aug 19,"Kano",263
Aug 19,"Lagos",1
Aug 19,"Kano",263
Aug 19,"Lagos",1
Aug 19,"Kano",263
Aug 19,"Lagos",1
Aug 19,"Kano",263
Aug 19,"Lagos",1
Aug 19,"Kano",263
Aug 19,"Lagos",1
Sep 19,"Kano",263
Sep 19,"Lagos",1
Sep 19,"Kano",263
Sep 19,"Lagos",1
Sep 19,"Kano",263
Sep 19,"Lagos",1
Sep 19,"Kano",263
Sep 19,"Lagos",1
Sep 19,"Kano",263
Sep 19,"Lagos",1
Sep 19,"Kano",263
Sep 19,"Lagos",1
Sep 19,"Kano",263
Sep 19,"Lagos",1
Sep 19,"Kano",263
Sep 19,"Lagos",1
Sep 19,"Kano",263
Sep 19,"Lagos",1
Sep 19,"Kano",263
Sep 19,"Lagos",1
Sep 19,"Kano",263
Sep 19,"Lagos",1
Sep 19,"Kano",263
Sep 19,"Lagos",1
Sep 19,"Kano",263
Sep 19,"Lagos",1
Sep 19,"Kano",263
Sep 19,"Lagos",1
Sep 19,"Kano",263
Sep 19,"Lagos",1
Sep 19,"Kano",263
Sep 19,"Lagos",1
Sep 19,"Kano",263
Sep 19,"Lagos",1
Sep 19,"Kano",263
Sep 19,"Lagos",1
Sep 19,"Kano",263
Sep 19,"Lagos",1
Sep 19,"Kano",263
Sep 19,"Lagos",1
Sep 19,"Kano",263
Sep 19,"Lagos",1
Sep 19,"Kano",263
Sep 19,"Lagos",1
Sep 19,"Kano",263
Sep 19,"Lagos",1
Sep 19,"Kano",263
Sep 19,"Lagos",1
Sep 19,"Kano",263
Sep 19,"Lagos",1
Sep 19,"Kano",263
Sep 19,"Lagos",1
Sep 19,"Kano",263
Sep 19,"Lagos",1
Sep 19,"Kano",263
Sep 19,"Lagos",1
Sep 19,"Kano",263
Sep 19,"Lagos",1
Sep 19,"Kano",263
Sep 19,"Lagos",1
Oct 19,"Kano",263
Oct 19,"Lagos",1
Oct 19,"Kano",263
Oct 19,"Lagos",1
Oct 19,"Kano",263
Oct 19,"Lagos",1
Oct 19,"Kano",263
Oct 19,"Lagos",1
Oct 19,"Kano",263
Oct 19,"Lagos",1
Oct 19,"Kano",263
Oct 19,"Lagos",1
Oct 19,"Kano",263
Oct 19,"Lagos",1
Oct 19,"Kano",263
Oct 19,"Lagos",1
Oct 19,"Kano",263
Oct 19,"Lagos",1
Oct 19,"Kano",263
Oct 19,"Lagos",1
Oct 19,"Kano",263
Oct 19,"Lagos",1
Oct 19,"Kano",263
Oct 19,"Lagos",1
Oct 19,"Kano",263
Oct 19,"Lagos",1
Oct 19,"Kano",263
Oct 19,"Lagos",1
Oct 19,"Kano",263
Oct 19,"Lagos",1
Oct 19,"Kano",263
Oct 19,"Lagos",1
Oct 19,"Kano",263
Oct 19,"Lagos",1
Oct 19,"Kano",263
Oct 19,"Lagos",1
Oct 19,"Kano",263
Oct 19,"Lagos",1
Oct 19,"Kano",263
Oct 19,"Lagos",1
Oct 19,"Kano",263
Oct 19,"Lagos",1
Oct 19,"Kano",263
Oct 19,"Lagos",1
Oct 19,"Kano",263
Oct 19,"Lagos",1
Oct 19,"Kano",263
Oct 19,"Lagos",1
Oct 19,"Kano",263
Oct 19,"Lagos",1
Oct 19,"Kano",263
Oct 19,"Lagos",1
Oct 19,"Kano",263
Oct 19,"Lagos",1
Oct 19,"Kano",263
Oct 19,"Lagos",1
Oct 19,"Kano",263
Oct 19,"Lagos",1
Oct 19,"Kano",263
Oct 19,"Lagos",1
Oct 19,"Kano",263
Oct 19,"Lagos",1
Nov 19,"Kano",263
Nov 19,"Lagos",1
Nov 19,"Kano",263
Nov 19,"Lagos",1
Nov 19,"Kano",263
Nov 19,"Lagos",1
Nov 19,"Kano",263
Nov 19,"Lagos",1
Nov 19,"Kano",263
Nov 19,"Lagos",1
Nov 19,"Kano",263
Nov 19,"Lagos",1
Nov 19,"Kano",263
Nov 19,"Lagos",1
Nov 19,"Kano",263
Nov 19,"Lagos",1
Nov 19,"Kano",263
Nov 19,"Lagos",1
Nov 19,"Kano",263
Nov 19,"Lagos",1
Nov 19,"Kano",263
Nov 19,"Lagos",1
Nov 19,"Kano",263
Nov 19,"Lagos",1
Nov 19,"Kano",263
Nov 19,"Lagos",1
Nov 19,"Kano",263
Nov 19,"Lagos",1
Nov 19,"Kano",263
Nov 19,"Lagos",1
Nov 19,"Kano",263
Nov 19,"Lagos",1
Nov 19,"Kano",263
Nov 19,"Lagos",1
Nov 19,"Kano",263
Nov 19,"Lagos",1
Nov 19,"Kano",263
Nov 19,"Lagos",1
Nov 19,"Kano",263
Nov 19,"Lagos",1
Nov 19,"Kano",263
Nov 19,"Lagos",1
Nov 19,"Kano",263
Nov 19,"Lagos",1
Nov 19,"Kano",263
Nov 19,"Lagos",1
Nov 19,"Kano",263
Nov 19,"Lagos",1
Nov 19,"Kano",263
Nov 19,"Lagos",1
Nov 19,"Kano",263
Nov 19,"Lagos",1
Nov 19,"Kano",263
Nov 19,"Lagos",1
Nov 19,"Kano",263
Nov 19,"Lagos",1
Nov 19,"Kano",263
Nov 19,"Lagos",1
Nov 19,"Kano",263
Nov 19,"Lagos",1
Dec 19,"Kano",263
Dec 19,"Lagos",1
Dec 19,"Kano",263
Dec 19,"Lagos",1
Dec 19,"Kano",263
Dec 19,"Lagos",1
Dec 19,"Kano",263
Dec 19,"Lagos",1
Dec 19,"Kano",263
Dec 19,"Lagos",1
Dec 19,"Kano",263
Dec 19,"Lagos",1
Dec 19,"Kano",263
Dec 19,"Lagos",1
Dec 19,"Kano",263
Dec 19,"Lagos",1
Dec 19,"Kano",263
Dec 19,"Lagos",1
Dec 19,"Kano",263
Dec 19,"Lagos",1
Dec 19,"Kano",263
Dec 19,"Lagos",1
Dec 19,"Kano",263
Dec 19,"Lagos",1
Dec 19,"Kano",263
Dec 19,"Lagos",1
Dec 19,"Kano",263
Dec 19,"Lagos",1
Dec 19,"Kano",263
Dec 19,"Lagos",1
Dec 19,"Kano",263
Dec 19,"Lagos",1
Dec 19,"Kano",263
Dec 19,"Lagos",1
Dec 19,"Kano",263
Dec 19,"Lagos",1
Dec 19,"Kano",263
Dec 19,"Lagos",1
Dec 19,"Kano",263
Dec 19,"Lagos",1
Dec 19,"Kano",263
Dec 19,"Lagos",1
Dec 19,"Kano",263
Dec 19,"Lagos",1
Dec 19,"Kano",263
Dec 19,"Lagos",1
Dec 19,"Kano",263
Dec 19,"Lagos",1
Dec 19,"Kano",263
Dec 19,"Lagos",1
Dec 19,"Kano",263
Dec 19,"Lagos",1
Dec 19,"Kano",263
Dec 19,"Lagos",1
Dec 19,"Kano",263
Dec 19,"Lagos",1
Dec 19,"Kano",263
Dec 19,"Lagos",1
Dec 19,"Kano",263
Dec 19,"Lagos",1
Dec 19,"Kano",263
Dec 19,"Lagos",1
Jan 20,"Kano",263
Jan 20,"Lagos",1
Jan 20,"Kano",263
Jan 20,"Lagos",1
Jan 20,"Kano",263
Jan 20,"Lagos",1
Jan 20,"Kano",263
Jan 20,"Lagos",1
Jan 20,"Kano",263
Jan 20,"Lagos",1
Jan 20,"Kano",263
Jan 20,"Lagos",1
Jan 20,"Kano",263
Jan 20,"Lagos",1
Jan 20,"Kano",263
Jan 20,"Lagos",1
Jan 20,"Kano",263
Jan 20,"Lagos",1
Jan 20,"Kano",263
Jan 20,"Lagos",1
Jan 20,"Kano",263
Jan 20,"Lagos",1
Jan 20,"Kano",263
Jan 20,"Lagos",1
Jan 20,"Kano",263
Jan 20,"Lagos",1
Jan 20,"Kano",263
Jan 20,"Lagos",1
Jan 20,"Kano",263
Jan 20,"Lagos",1
Jan 20,"Kano",263
Jan 20,"Lagos",1
Jan 20,"Kano",263
Jan 20,"Lagos",1
Jan 20,"Kano",263
Jan 20,"Lagos",1
Jan 20,"Kano",263
Jan 20,"Lagos",1
Jan 20,"Kano",263
Jan 20,"Lagos",1
Jan 20,"Kano",263
Jan 20,"Lagos",1
Jan 20,"Kano",263
Jan 20,"Lagos",1
Jan 20,"Kano",263
Jan 20,"Lagos",1
Jan 20,"Kano",263
Jan 20,"Lagos",1
Jan 20,"Kano",263
Jan 20,"Lagos",1
Jan 20,"Kano",263
Jan 20,"Lagos",1
Jan 20,"Kano",263
Jan 20,"Lagos",1
Jan 20,"Kano",263
Jan 20,"Lagos",1
Jan 20,"Kano",263
Jan 20,"Lagos",1
Jan 20,"Kano",263
Jan 20,"Lagos",1
Jan 20,"Kano",263
Jan 20,"Lagos",1
Feb 20,"Kano",263
Feb 20,"Lagos",1
Feb 20,"Kano",263
Feb 20,"Lagos",1
Feb 20,"Kano",263
Feb 20,"Lagos",1
Feb 20,"Kano",263
Feb 20,"Lagos",1
Feb 20,"Kano",263
Feb 20,"Lagos",1
Feb 20,"Kano",263
Feb 20,"Lagos",1
Feb 20,"Kano",263
Feb 20,"Lagos",1
Feb 20,"Kano",263
Feb 20,"Lagos",1
Feb 20,"Kano",263
Feb 20,"Lagos",1
Feb 20,"Kano",263
Feb 20,"Lagos",1
Feb 20,"Kano",263
Feb 20,"Lagos",1
Feb 20,"Kano",263
Feb 20,"Lagos",1
Feb 20,"Kano",263
Feb 20,"Lagos",1
Feb 20,"Kano",263
Feb 20,"Lagos",1
Feb 20,"Kano",263
Feb 20,"Lagos",1
Feb 20,"Kano",263
Feb 20,"Lagos",1
Feb 20,"Kano",263
Feb 20,"Lagos",1
Feb 20,"Kano",263
Feb 20,"Lagos",1
Feb 20,"Kano",263
Feb 20,"Lagos",1
Feb 20,"Kano",263
Feb 20,"Lagos",1
Feb 20,"Kano",263
Feb 20,"Lagos",1
Feb 20,"Kano",263
Feb 20,"Lagos",1
Feb 20,"Kano",263
Feb 20,"Lagos",1
Feb 20,"Kano",263
Feb 20,"Lagos",1
Feb 20,"Kano",263
Feb 20,"Lagos",1
Feb 20,"Kano",263
Feb 20,"Lagos",1
Feb 20,"Kano",263
Feb 20,"Lagos",1
Feb 20,"Kano",263
Feb 20,"Lagos",1
Feb 20,"Kano",263
Feb 20,"Lagos",1
Mar 20,"Kano",263
Mar 20,"Lagos",1
Mar 20,"Kano",263
Mar 20,"Lagos",1
Mar 20,"Kano",264
Mar 20,"Lagos",1
Mar 20,"Kano",263
Mar 20,"Lagos",1
Mar 20,"Kano",263
Mar 20,"Lagos",1
Mar 20,"Kano",263
Mar 20,"Lagos",1
Mar 20,"Kano",263
Mar 20,"Lagos",2
Mar 20,"Kano",262
Mar 20,"Lagos",2
Mar 20,"Kano",262
Mar 20,"Lagos",2
Mar 20,"Kano",262
Mar 20,"Lagos",2
Mar 20,"Kano",262
Mar 20,"Lagos",4
Mar 20,"Kano",263
Mar 20,"Lagos",4
Mar 20,"Kano",262
Mar 20,"Lagos",4
Mar 20,"Kano",262
Mar 20,"Lagos",4
Mar 20,"Kano",262
Mar 20,"Lagos",4
Mar 20,"Kano",262
Mar 20,"Lagos",5
Mar 20,"Kano",262
Mar 20,"Lagos",5
Mar 20,"Kano",262
Mar 20,"Lagos",5
Mar 20,"Kano",262
Mar 20,"Lagos",5
Mar 20,"Kano",262
Mar 20,"Lagos",5
Mar 20,"Kano",262
Mar 20,"Lagos",5
Mar 20,"Kano",262
Mar 20,"Lagos",6
Mar 20,"Kano",262
Mar 20,"Lagos",7
Mar 20,"Kano",262
Mar 20,"Lagos",7
Mar 20,"Kano",262
Mar 20,"Lagos",7
Mar 20,"Kano",262
Mar 20,"Lagos",7
Mar 20,"Kano",262
Mar 20,"Lagos",7
Mar 20,"Kano",262
Mar 20,"Lagos",8
Mar 20,"Kano",262
Mar 20,"Lagos",8
Mar 20,"Kano",262
Mar 20,"Lagos",12
Mar 20,"Kano",262
Mar 20,"Lagos",18
Apr 20,"Kano",262
Apr 20,"Lagos",18
Apr 20,"Kano",262
Apr 20,"Lagos",23
Apr 20,"Kano",262
Apr 20,"Lagos",22
Apr 20,"Kano",262
Apr 20,"Lagos",19
Apr 20,"Kano",262
Apr 20,"Lagos",20
Apr 20,"Kano",262
Apr 20,"Lagos",19
Apr 20,"Kano",262
Apr 20,"Lagos",18
Apr 20,"Kano",262
Apr 20,"Lagos",17
Apr 20,"Kano",262
Apr 20,"Lagos",16
Apr 20,"Kano",262
Apr 20,"Lagos",15
Apr 20,"Kano",262
Apr 20,"Lagos",15
Apr 20,"Kano",262
Apr 20,"Lagos",15
Apr 20,"Kano",262
Apr 20,"Lagos",15
Apr 20,"Kano",262
Apr 20,"Lagos",12
Apr 20,"Kano",262
Apr 20,"Lagos",13
Apr 20,"Kano",260
Apr 20,"Lagos",12
Apr 20,"Kano",268
Apr 20,"Lagos",12
Apr 20,"Kano",268
Apr 20,"Lagos",11
Apr 20,"Kano",267
Apr 20,"Lagos",11
Apr 20,"Kano",267
Apr 20,"Lagos",11
Apr 20,"Kano",267
Apr 20,"Lagos",11
Apr 20,"Kano",267
Apr 20,"Lagos",11
Apr 20,"Kano",267
Apr 20,"Lagos",11
Apr 20,"Kano",267
Apr 20,"Lagos",13
Apr 20,"Kano",267
Apr 20,"Lagos",13
Apr 20,"Kano",267
Apr 20,"Lagos",13
Apr 20,"Kano",267
Apr 20,"Lagos",12
Apr 20,"Kano",267
Apr 20,"Lagos",11
Apr 20,"Kano",267
Apr 20,"Lagos",12
Apr 20,"Kano",263
Apr 20,"Lagos",10
May 20,"Kano",263
May 20,"Lagos",13
May 20,"Kano",262
May 20,"Lagos",13
May 20,"Kano",262
May 20,"Lagos",13
May 20,"Kano",262
May 20,"Lagos",10
May 20,"Kano",262
May 20,"Lagos",10
May 20,"Kano",262
May 20,"Lagos",10
May 20,"Kano",262
May 20,"Lagos",9
May 20,"Kano",263
May 20,"Lagos",9
May 20,"Kano",263
May 20,"Lagos",9
May 20,"Kano",263
May 20,"Lagos",9
May 20,"Kano",263
May 20,"Lagos",7
May 20,"Kano",263
May 20,"Lagos",7
May 20,"Kano",263
May 20,"Lagos",7
May 20,"Kano",263
May 20,"Lagos",7
May 20,"Kano",263
May 20,"Lagos",7
May 20,"Kano",263
May 20,"Lagos",6
May 20,"Kano",263
May 20,"Lagos",6
May 20,"Kano",264
May 20,"Lagos",6
May 20,"Kano",264
May 20,"Lagos",6
May 20,"Kano",264
May 20,"Lagos",6
May 20,"Kano",264
May 20,"Lagos",6
May 20,"Kano",264
May 20,"Lagos",6
May 20,"Kano",264
May 20,"Lagos",6
May 20,"Kano",264
May 20,"Lagos",6
May 20,"Kano",263
May 20,"Lagos",6
May 20,"Kano",263
May 20,"Lagos",6
May 20,"Kano",263
May 20,"Lagos",6
May 20,"Kano",263
May 20,"Lagos",5
May 20,"Kano",263
May 20,"Lagos",5
May 20,"Kano",263
May 20,"Lagos",5
May 20,"Kano",263
May 20,"Lagos",5
Jun 20,"Kano",263
Jun 20,"Lagos",2
Jun 20,"Kano",263
Jun 20,"Lagos",0
Jun 20,"Kano",263
Jun 20,"Lagos",0
Jun 20,"Kano",263
Jun 20,"Lagos",0
Jun 20,"Kano",263
Jun 20,"Lagos",0
Jun 20,"Kano",263
Jun 20,"Lagos",0
Jun 20,"Kano",263
Jun 20,"Lagos",0
Jun 20,"Kano",263
Jun 20,"Lagos",0
Jun 20,"Kano",263
Jun 20,"Lagos",0
Jun 20,"Kano",263
Jun 20,"Lagos",0
Jun 20,"Kano",263
Jun 20,"Lagos",0
Jun 20,"Kano",263
Jun 20,"Lagos",0
Jun 20,"Kano",263
Jun 20,"Lagos",0
Jun 20,"Kano",263
Jun 20,"Lagos",0
Jun 20,"Kano",263
Jun 20,"Lagos",0
Jun 20,"Kano",263
Jun 20,"Lagos",0
Jun 20,"Kano",263
Jun 20,"Lagos",0
Jun 20,"Kano",263
Jun 20,"Lagos",0
Jun 20,"Kano",263
Jun 20,"Lagos",0
Jun 20,"Kano",263
Jun 20,"Lagos",0
Jun 20,"Kano",263
Jun 20,"Lagos",0
Jun 20,"Kano",263
Jun 20,"Lagos",0
Jun 20,"Kano",263
Jun 20,"Lagos",0
Jun 20,"Kano",263
Jun 20,"Lagos",0
Jun 20,"Kano",263
Jun 20,"Lagos",0
Jun 20,"Kano",263
Jun 20,"Lagos",0
Jun 20,"Kano",263
Jun 20,"Lagos",0
Jun 20,"Kano",263
Jun 20,"Lagos",0
Jun 20,"Kano",263
Jun 20,"Lagos",0
Jun 20,"Kano",263
Jun 20,"Lagos",0
Jul 20,"Kano",263
Jul 20,"Lagos",0
Jul 20,"Kano",263
Jul 20,"Lagos",0
Jul 20,"Kano",263
Jul 20,"Lagos",0
Jul 20,"Kano",263
Jul 20,"Lagos",0
Jul 20,"Kano",263
Jul 20,"Lagos",0
Jul 20,"Kano",263
Jul 20,"Lagos",0
Jul 20,"Kano",263
Jul 20,"Lagos",0
Jul 20,"Kano",263
Jul 20,"Lagos",0
Jul 20,"Kano",263
Jul 20,"Lagos",0
Jul 20,"Kano",263
Jul 20,"Lagos",0
Jul 20,"Kano",263
Jul 20,"Lagos",0
Jul 20,"Kano",263
Jul 20,"Lagos",0
Jul 20,"Kano",263
Jul 20,"Lagos",1
Jul 20,"Kano",263
Jul 20,"Lagos",1
Jul 20,"Kano",263
Jul 20,"Lagos",1
Jul 20,"Kano",263
Jul 20,"Lagos",1
Jul 20,"Kano",263
Jul 20,"Lagos",1
Jul 20,"Kano",263
Jul 20,"Lagos",1
Jul 20,"Kano",263
Jul 20,"Lagos",0
Jul 20,"Kano",263
Jul 20,"Lagos",0
Jul 20,"Kano",263
Jul 20,"Lagos",0
Jul 20,"Kano",262
Jul 20,"Lagos",0
Jul 20,"Kano",262
Jul 20,"Lagos",0
Jul 20,"Kano",262
Jul 20,"Lagos",0
Jul 20,"Kano",262
Jul 20,"Lagos",0
Jul 20,"Kano",262
Jul 20,"Lagos",0
Jul 20,"Kano",262
Jul 20,"Lagos",0
Jul 20,"Kano",262
Jul 20,"Lagos",0
Jul 20,"Kano",262
Jul 20,"Lagos",0
Jul 20,"Kano",262
Jul 20,"Lagos",0
Jul 20,"Kano",262
Jul 20,"Lagos",0
Aug 20,"Kano",262
Aug 20,"Lagos",0
Aug 20,"Kano",262
Aug 20,"Lagos",0
Aug 20,"Kano",262
Aug 20,"Lagos",0
Aug 20,"Kano",262
Aug 20,"Lagos",0
Aug 20,"Kano",262
Aug 20,"Lagos",0
Aug 20,"Kano",262
Aug 20,"Lagos",0
Aug 20,"Kano",262
Aug 20,"Lagos",0
Aug 20,"Kano",262
Aug 20,"Lagos",0
Aug 20,"Kano",262
Aug 20,"Lagos",0
Aug 20,"Kano",262
Aug 20,"Lagos",0
Aug 20,"Kano",262
Aug 20,"Lagos",0
Aug 20,"Kano",262
Aug 20,"Lagos",0
Aug 20,"Kano",262
Aug 20,"Lagos",0
Aug 20,"Kano",262
Aug 20,"Lagos",0
Aug 20,"Kano",262
Aug 20,"Lagos",0
Aug 20,"Kano",262
Aug 20,"Lagos",0
Aug 20,"Kano",262
Aug 20,"Lagos",0
Aug 20,"Kano",262
Aug 20,"Lagos",0
Aug 20,"Kano",262
Aug 20,"Lagos",0
Aug 20,"Kano",262
Aug 20,"Lagos",0
Aug 20,"Kano",262
Aug 20,"Lagos",0
Aug 20,"Kano",262
Aug 20,"Lagos",0
Aug 20,"Kano",262
Aug 20,"Lagos",0
Aug 20,"Kano",262
Aug 20,"Lagos",0
Aug 20,"Kano",262
Aug 20,"Lagos",0
Aug 20,"Kano",262
Aug 20,"Lagos",0
Aug 20,"Kano",262
Aug 20,"Lagos",0
Aug 20,"Kano",262
Aug 20,"Lagos",0
Aug 20,"Kano",262
Aug 20,"Lagos",0
Aug 20,"Kano",262
Aug 20,"Lagos",0
Aug 20,"Kano",262
Aug 20,"Lagos",0
Sep 20,"Kano",262
Sep 20,"Lagos",0
Sep 20,"Kano",262
Sep 20,"Lagos",0
Sep 20,"Kano",262
Sep 20,"Lagos",0
Sep 20,"Kano",262
Sep 20,"Lagos",0
Sep 20,"Kano",262
Sep 20,"Lagos",0
Sep 20,"Kano",262
Sep 20,"Lagos",0
Sep 20,"Kano",262
Sep 20,"Lagos",0
Sep 20,"Kano",262
Sep 20,"Lagos",0
Sep 20,"Kano",262
Sep 20,"Lagos",0
Sep 20,"Kano",262
Sep 20,"Lagos",0
Sep 20,"Kano",262
Sep 20,"Lagos",0
Sep 20,"Kano",262
Sep 20,"Lagos",0
Sep 20,"Kano",262
Sep 20,"Lagos",0
Sep 20,"Kano",262
Sep 20,"Lagos",0
Sep 20,"Kano",262
Sep 20,"Lagos",0
Sep 20,"Kano",262
Sep 20,"Lagos",0
Sep 20,"Kano",262
Sep 20,"Lagos",0
Sep 20,"Kano",262
Sep 20,"Lagos",0
Sep 20,"Kano",262
Sep 20,"Lagos",0
Sep 20,"Kano",262
Sep 20,"Lagos",0
Sep 20,"Kano",262
Sep 20,"Lagos",0
Sep 20,"Kano",262
Sep 20,"Lagos",0
Sep 20,"Kano",262
Sep 20,"Lagos",0
Sep 20,"Kano",262
Sep 20,"Lagos",0
Sep 20,"Kano",262
Sep 20,"Lagos",0
Sep 20,"Kano",262
Sep 20,"Lagos",0
Sep 20,"Kano",262
Sep 20,"Lagos",0
Sep 20,"Kano",262
Sep 20,"Lagos",0
Sep 20,"Kano",262
Sep 20,"Lagos",0
Sep 20,"Kano",262
Sep 20,"Lagos",0
Oct 20,"Kano",262
Oct 20,"Lagos",0
Oct 20,"Kano",262
Oct 20,"Lagos",0
Oct 20,"Kano",262
Oct 20,"Lagos",0
Oct 20,"Kano",262
Oct 20,"Lagos",0
Oct 20,"Kano",262
Oct 20,"Lagos",0
Oct 20,"Kano",262
Oct 20,"Lagos",0
Oct 20,"Kano",262
Oct 20,"Lagos",0
Oct 20,"Kano",262
Oct 20,"Lagos",0
Oct 20,"Kano",262
Oct 20,"Lagos",0
Oct 20,"Kano",262
Oct 20,"Lagos",0
Oct 20,"Kano",262
Oct 20,"Lagos",0
Oct 20,"Kano",262
Oct 20,"Lagos",0
Oct 20,"Kano",262
Oct 20,"Lagos",0
Oct 20,"Kano",262
Oct 20,"Lagos",0
Oct 20,"Kano",262
Oct 20,"Lagos",0
Oct 20,"Kano",262
Oct 20,"Lagos",0
Oct 20,"Kano",262
Oct 20,"Lagos",0
Oct 20,"Kano",262
Oct 20,"Lagos",0
Oct 20,"Kano",262
Oct 20,"Lagos",0
Oct 20,"Kano",262
Oct 20,"Lagos",0
Oct 20,"Kano",262
Oct 20,"Lagos",0
Oct 20,"Kano",262
Oct 20,"Lagos",1
Oct 20,"Kano",262
Oct 20,"Lagos",1
Oct 20,"Kano",262
Oct 20,"Lagos",1
Oct 20,"Kano",728
Oct 20,"Lagos",824
